<?xml version="1.0" encoding="UTF-8"?>

<!DOCTYPE template>

<template>
  <action type="LIB" id="n001" status="Customized" lock="off" title="scout" exp="scout" time="11.5s" macro="xmrtpar" data="" />
  <action type="LIB" id="n002" status="Customized" lock="off" title="spuls" exp="spuls" time="0:01" macro="xmrtpar" data="" />
  <action type="LIB" id="n003" status="Customized" lock="off" title="epip _test" exp="epip" time="5.0s" macro="xmrtpar" data="" tooltext="epip _test n003 [Customized]" />
  <action type="LIB" id="n004" status="Customized" lock="off" title="fsems test" exp="fsems" time="6.0s" macro="xmrtpar" data="" tooltext="fsems test n004 [Customized]" />
  <action type="LIB" id="n005" status="Customized" lock="off" title="epip _AxCaliber_D50d3_TE58_XY" exp="epip" time="3m:25s" macro="xmrtpar" data="null" tooltext="epip _AxCaliber_D50d3_TE58_XY n005 [Customized]" />
  <action type="LIB" id="n008" status="Customized" lock="off" title="epip _AxCaliber_D30d3_XY" exp="epip" time="3m:25s" macro="xmrtpar" data="null" tooltext="epip _AxCaliber_D30d3_XY n008 [Customized]" />
  <action type="LIB" id="n009" status="Customized" lock="off" title="epip _AxCaliber_D30d3_TE58_XY" exp="epip" time="3m:25s" macro="xmrtpar" data="null" tooltext="epip _AxCaliber_D30d3_TE58_XY n009 [Customized]" />
  <action type="LIB" id="n006" status="Customized" lock="off" title="epip _AxCaliber_D15d3_XY" exp="epip" time="3m:25s" macro="xmrtpar" data="null" tooltext="epip _AxCaliber_D15d3_XY n006 [Customized]" />
  <action type="LIB" id="n010" status="Customized" lock="off" title="epip _AxCaliber_D7d3_XY" exp="epip" time="3m:25s" macro="xmrtpar" data="null" tooltext="epip _AxCaliber_D7d3_XY n010 [Customized]" />
  <action type="LIB" id="n012" status="Customized" lock="off" title="epip _AxCaliber_D7d3_TE58_XY" exp="epip" time="3m:25s" macro="xmrtpar" data="null" />
  <action type="LIB" id="n007" status="Customized" lock="off" title="epip _AxCaliber_D12d8_XY" exp="epip" time="3m:25s" macro="xmrtpar" data="null" />
  <action type="LIB" id="n011" status="Customized" lock="off" title="epip _AxCaliber_D30d8_XY" exp="epip" time="3m:25s" macro="xmrtpar" data="null" tooltext="epip _AxCaliber_D30d8_XY n011 [Customized]" />
  <action type="LIB" id="n013" status="Customized" lock="off" title="epip _AxCaliber_D50d8_XY" exp="epip" time="3m:25s" macro="xmrtpar" data="null" />
  <action type="LIB" id="n014" status="Customized" lock="off" title="epip _NODDI_D50d3_XY" exp="epip" time="2m:9s" macro="xmrtpar" data="null" tooltext="epip _NODDI_D50d3_XY n014 [Customized]" />
  <action type="LIB" status="Customized" title="epip _NODDI_D15d3_XY" exp="epip" lock="off" time="2m:9s" data="null" id="n015" tooltext="epip _NODDI_D15d3_XY n015 [Customized]" macro="xmrtpar" />
  <action type="LIB" status="Customized" title="epip _NODDI_D45d8_XY" exp="epip" lock="off" time="2m:9s" data="null" id="n016" tooltext="epip _NODDI_D45d8_XY n016 [Customized]" macro="xmrtpar" />
  <action type="LIB" status="Customized" title="fsems _AxCaliber_D30d8_XY_ETL8" exp="fsems" lock="off" time="6m:46s" data="" id="n018" macro="xmrtpar" tooltext="fsems _AxCaliber_D30d8_XY_ETL8 n018 [Customized]" />
  <action type="LIB" status="Customized" title="fsems _AxCaliber_D30d3_XY_ETL8" exp="fsems" lock="off" time="6m:46s" data="null" id="n019" tooltext="fsems _AxCaliber_D30d3_XY_ETL8 n019 [Customized]" macro="xmrtpar" />
  <action type="LIB" status="Customized" title="gems _MTV_2" exp="gems" lock="off" time="12.3s" data="" id="n017" macro="xmrtpar" tooltext="gems _MTV_2 n017 [Customized]" />
  <action type="LIB" status="Customized" title="gems _MTV_3" exp="gems" lock="off" time="12.3s" data="null" id="n027" tooltext="gems _MTV_3 n027 [Customized]" macro="xmrtpar" />
  <action type="LIB" status="Customized" title="gems _MTV_6" exp="gems" lock="off" time="12.3s" data="null" id="n023" tooltext="gems _MTV_6 n023 [Customized]" macro="xmrtpar" />
  <action type="LIB" status="Customized" title="gems _MTV_10" exp="gems" lock="off" time="12.3s" data="null" id="n020" tooltext="gems _MTV_10 n020 [Customized]" macro="xmrtpar" />
  <action type="LIB" status="Customized" title="gems _MTV_15" exp="gems" lock="off" time="12.3s" data="null" id="n024" tooltext="gems _MTV_15 n024 [Customized]" macro="xmrtpar" />
  <action type="LIB" status="Customized" title="gems _MTV_20" exp="gems" lock="off" time="12.3s" data="null" id="n021" tooltext="gems _MTV_20 n021 [Customized]" macro="xmrtpar" />
  <action type="LIB" status="Customized" title="gems _MTV_25" exp="gems" lock="off" time="12.3s" data="null" id="n025" tooltext="gems _MTV_25 n025 [Customized]" macro="xmrtpar" />
  <action type="LIB" status="Customized" title="gems _MTV_30" exp="gems" lock="off" time="12.3s" data="null" id="n022" tooltext="gems _MTV_30 n022 [Customized]" macro="xmrtpar" />
  <action type="LIB" status="Customized" title="gems _MTV_35" exp="gems" lock="off" time="12.3s" data="null" id="n026" tooltext="gems _MTV_35 n026 [Customized]" macro="xmrtpar" />
  <action type="LIB" status="Customized" title="epip _b1map_MFA_60" exp="epip" lock="off" time="17.0s" data="" id="n028" macro="xmrtpar" tooltext="epip _b1map_MFA_60 n028 [Customized]" />
  <action type="LIB" status="Customized" title="epip _b1map_MFA_120" exp="epip" lock="off" time="17.0s" data="null" id="n029" tooltext="epip _b1map_MFA_120 n029 [Customized]" macro="xmrtpar" />
  <action type="LIB" status="Customized" title="mgems B0_mapping" exp="mgems" lock="off" time="32.0s" data="" id="n030" macro="xmrtpar" tooltext="mgems B0_mapping n030 [Customized]" />
  <action type="LIB" status="Customized" title="gems _qMT_142deg_433Hz" exp="gems" lock="off" time="49.2s" data="" id="n031" macro="xmrtpar" tooltext="gems _qMT_142deg_433Hz n031 [Customized]" />
  <action type="LIB" status="Customized" title="gems _qMT_142deg_1088Hz" exp="gems" lock="off" time="49.2s" data="null" id="n032" tooltext="gems _qMT_142deg_1088Hz n032 [Customized]" macro="xmrtpar" />
  <action type="LIB" status="Customized" title="gems _qMT_142deg_2731Hz" exp="gems" lock="off" time="49.2s" data="null" id="n035" tooltext="gems _qMT_142deg_2731Hz n035 [Customized]" macro="xmrtpar" />
  <action type="LIB" status="Customized" title="gems _qMT_142deg_6861Hz" exp="gems" lock="off" time="49.2s" data="null" id="n033" tooltext="gems _qMT_142deg_6861Hz n033 [Customized]" macro="xmrtpar" />
  <action type="LIB" status="Customized" title="gems _qMT_142deg_17235Hz" exp="gems" lock="off" time="49.2s" data="null" id="n034" tooltext="gems _qMT_142deg_17235Hz n034 [Customized]" macro="xmrtpar" />
  <action type="LIB" status="Customized" title="gems _qMT_500deg_433Hz" exp="gems" lock="off" time="49.2s" data="null" id="n037" tooltext="gems _qMT_500deg_433Hz n037 [Customized]" macro="xmrtpar" />
  <action type="LIB" status="Customized" title="gems _qMT_500deg_1088Hz" exp="gems" lock="off" time="49.2s" data="null" id="n038" tooltext="gems _qMT_500deg_1088Hz n038 [Customized]" macro="xmrtpar" />
  <action type="LIB" status="Customized" title="gems _qMT_500deg_2731Hz" exp="gems" lock="off" time="49.2s" data="null" id="n039" tooltext="gems _qMT_500deg_2731Hz n039 [Customized]" macro="xmrtpar" />
  <action type="LIB" status="Customized" title="gems _qMT_500deg_6861Hz" exp="gems" lock="off" time="49.2s" data="null" id="n040" tooltext="gems _qMT_500deg_6861Hz n040 [Customized]" macro="xmrtpar" />
  <action type="LIB" status="Customized" title="gems _qMT_500deg_17235Hz" exp="gems" lock="off" time="49.2s" data="null" id="n036" tooltext="gems _qMT_500deg_17235Hz n036 [Customized]" macro="xmrtpar" />
  <action type="LIB" status="Customized" title="fsems" exp="fsems" lock="off" time="1 sec" data="" id="n041" macro="sqexp(&apos;fsems&apos;)" tooltext="fsems n041 [Customized]" />
</template>

